{
  "version": "2.0.0",
  "trained_date": "2026-01-09T17:38:04.626011",
  "algorithm": "MultinomialNB",
  "vectorizer": "TfidfVectorizer",
  "max_features": 1500,
  "ngram_range": [
    1,
    2
  ],
  "best_alpha": 1.0,
  "metrics": {
    "accuracy": 0.8,
    "precision": 0.7862595419847328,
    "recall": 0.824,
    "f1_score": 0.8046875,
    "cv_f1_mean": 0.7915091984471117,
    "cv_f1_std": 0.01625573353864439,
    "confusion_matrix": [
      [
        97,
        28
      ],
      [
        22,
        103
      ]
    ]
  }
}